customer_id,name,phone_number,gender,birth_date,email,username,password
1,Jimmy Stoving,689-966-4715,Male,6/20/1971,jstoving0@oracle.com,jstoving0,EqFnyChj
2,Land Ubsdell,458-774-1759,Male,1/11/2002,lubsdell1@netscape.com,lubsdell1,0avP44Vkv
3,Barnie Hardacre,728-654-4657,Male,5/9/1949,bhardacre2@flickr.com,bhardacre2,xTKmQkD5BW6
4,Dionisio Moresby,858-210-6135,Male,5/18/1950,dmoresby3@ibm.com,dmoresby3,2zheqx9e
5,Marna Meininger,205-769-0358,Female,10/29/2003,mmeininger4@google.com.br,mmeininger4,VjJqLeCZwS
6,Alexine Guerro,141-321-6495,Female,5/5/1989,aguerro5@economist.com,aguerro5,qgr01SN
7,Cosme Scutter,387-471-4285,Male,4/24/1999,cscutter6@diigo.com,cscutter6,CZQ0DbC
8,Charmine Shellum,548-441-9562,Female,3/12/1987,cshellum7@tumblr.com,cshellum7,hGNVjfsg0FN
9,Nell Saphin,770-467-8603,Female,2/18/1986,nsaphin8@businesswire.com,nsaphin8,f9GBcJE
10,Beulah Patridge,218-671-3367,Female,4/5/1938,bpatridge9@dropbox.com,bpatridge9,ZTTrgZT2w2h
11,Cy Chamberlin,615-197-0381,Male,4/28/1944,cchamberlina@blog.com,cchamberlina,VhDSNu6d7Dvo
12,Laureen Packe,768-125-6266,Female,1/25/1937,lpackeb@home.pl,lpackeb,G0MQkQaV5X
13,Luisa Kimmitt,291-962-8073,Female,9/13/2000,lkimmittc@facebook.com,lkimmittc,mIe2hJHPNKjN
14,Kerr Antcliff,147-119-2765,Male,7/9/1948,kantcliffd@census.gov,kantcliffd,xIqcBaOYA9ZW
15,Tymothy Neggrini,206-597-4202,Male,10/28/1987,tneggrinie@taobao.com,tneggrinie,WeFrAlypX
16,Olenka Birkbeck,342-445-4804,Female,4/17/2009,obirkbeckf@angelfire.com,obirkbeckf,Ab7NNCkYQuOF
17,Ashil Shales,115-100-6882,Female,3/27/1925,ashalesg@huffingtonpost.com,ashalesg,lOltbS8gj
18,Ikey Gillions,615-375-1990,Male,4/3/2017,igillionsh@vk.com,igillionsh,GfkSsT
19,Melania Van der Linde,939-677-7747,Female,10/13/1993,mvani@redcross.org,mvani,AjNyHJ
20,William Abramamov,192-309-3447,Male,11/2/1991,wabramamovj@bloglovin.com,wabramamovj,8jAGumM1rH
21,Nicholle Braemer,665-162-0271,Female,11/9/1977,nbraemerk@cnet.com,nbraemerk,nCTlTFM
22,Berke Howchin,957-384-3239,Male,5/6/1933,bhowchinl@nsw.gov.au,bhowchinl,uUeILxm
23,Lew Warbrick,499-489-6158,Male,3/30/2013,lwarbrickm@google.com.br,lwarbrickm,KDvh9Mg
24,Fowler Ugolotti,708-226-3697,Male,4/17/1998,fugolottin@merriam-webster.com,fugolottin,6d8x70h
25,Jocko Deboy,189-747-0834,Male,10/6/1988,jdeboyo@cbslocal.com,jdeboyo,Zqr28W
26,Maryl Sommerland,673-764-9879,Female,11/9/1984,msommerlandp@bigcartel.com,msommerlandp,nT2cpLMc
27,Merrilee Birchall,848-886-4412,Female,11/5/1946,mbirchallq@wikimedia.org,mbirchallq,i7vEZ1sspT
28,Gregorio Wallbutton,887-223-0496,Male,6/26/1981,gwallbuttonr@chronoengine.com,gwallbuttonr,wBG8vyP
29,Roze Garr,134-597-2585,Female,10/31/1976,rgarrs@networkadvertising.org,rgarrs,AaV18WOU
30,Melodie Boorman,533-275-1325,Female,4/10/1972,mboormant@china.com.cn,mboormant,LI1OAq
31,Cordell Cottey,272-522-0533,Male,4/1/1987,ccotteyu@discovery.com,ccotteyu,OgiZmp9
32,Allsun Brobak,508-565-1580,Female,8/16/1926,abrobakv@baidu.com,abrobakv,5GBXfU
33,Derk Joynson,511-916-3943,Male,2/18/1955,djoynsonw@themeforest.net,djoynsonw,ehiMBZzKcSSu
34,Allina Fylan,266-790-3320,Female,9/22/2002,afylanx@sun.com,afylanx,eRcG94Z
35,Aida Fruish,465-670-9524,Female,6/10/1978,afruishy@ameblo.jp,afruishy,Xxi1pM0xhmF
36,Boigie Avent,374-574-9604,Male,7/10/1958,baventz@biglobe.ne.jp,baventz,Wrw6hK
37,Hallie Doram,245-771-2711,Female,1/28/1995,hdoram10@webmd.com,hdoram10,HYO4QS
38,Vivianne Lesurf,907-294-4668,Female,6/8/1923,vlesurf11@sina.com.cn,vlesurf11,rnPSHN09oBR9
39,Dorree Vel,760-391-3718,Female,7/30/1973,dvel12@apache.org,dvel12,n9Q0j7qqs
40,Perry Sanderson,710-138-3855,Male,5/21/1963,psanderson13@indiatimes.com,psanderson13,8QZSRygWJ
41,Dorry Snaddon,538-977-0063,Female,6/17/1992,dsnaddon14@newsvine.com,dsnaddon14,zD7e9n0vVp
42,Tomi Ackhurst,882-701-8156,Female,5/24/1926,tackhurst15@chicagotribune.com,tackhurst15,EzB7acPF
43,Christiano Eastam,267-209-3691,Male,7/3/1926,ceastam16@canalblog.com,ceastam16,h4l1uoxs
44,Gale Roch,718-388-6788,Female,5/24/2014,groch17@biblegateway.com,groch17,DkQYMstJT
45,Hertha Libero,405-914-0653,Female,4/30/1940,hlibero18@ucoz.ru,hlibero18,2Bmx76b
46,Gusty De Bellis,557-311-3333,Female,6/18/2018,gde19@hud.gov,gde19,6RIrA7aaJ8
47,Isabella Ivanonko,493-739-0597,Female,7/12/2007,iivanonko1a@jugem.jp,iivanonko1a,ygP9oB
48,Wit Peek,124-209-5521,Male,9/5/1954,wpeek1b@deliciousdays.com,wpeek1b,kTrlZnUuuO
49,Muhammad Mallard,632-163-7981,Male,2/11/1961,mmallard1c@umn.edu,mmallard1c,0sGvnjNo
50,Aundrea Exall,248-578-2467,Female,3/18/2020,aexall1d@utexas.edu,aexall1d,OejwLCIDo
51,Leigh Kingscott,155-108-0102,Male,9/6/1928,lkingscott1e@cam.ac.uk,lkingscott1e,zy56KVpfIu6s
52,Tadd Maffulli,370-857-7820,Male,4/18/1929,tmaffulli1f@hatena.ne.jp,tmaffulli1f,YeKbEF
53,Bertram Winchcomb,346-940-6389,Male,10/12/1929,bwinchcomb1g@vistaprint.com,bwinchcomb1g,qqyLVU
54,Salvador Bricksey,576-732-5176,Male,12/4/1926,sbricksey1h@multiply.com,sbricksey1h,FChjtuiGhYZ
55,Lanna Cove,587-115-7767,Female,11/15/2014,lcove1i@java.com,lcove1i,KPgysch
56,Bernice Geertje,930-268-6158,Female,9/17/1981,bgeertje1j@istockphoto.com,bgeertje1j,xrG56wgFONE
57,Nealson Jouanet,271-879-3347,Male,11/27/1949,njouanet1k@alibaba.com,njouanet1k,pqC1a4IVJy
58,Talbert Core,521-179-1276,Male,7/27/1928,tcore1l@1688.com,tcore1l,w5LOqXxWVN
59,Gwenneth Habershon,308-763-9800,Female,7/7/1954,ghabershon1m@symantec.com,ghabershon1m,iRm1VjA
60,Karlie Gourley,421-327-5314,Female,3/24/2006,kgourley1n@cloudflare.com,kgourley1n,dnNZqr4I
61,Randie Della Scala,643-446-7116,Male,4/16/1976,rdella1o@odnoklassniki.ru,rdella1o,MyrTVjeyl
62,Codi McConigal,430-365-3825,Male,10/25/1954,cmcconigal1p@wordpress.org,cmcconigal1p,aOsKC0QoKJ
63,Mirilla Di Nisco,856-473-1301,Female,4/10/2020,mdi1q@amazon.co.uk,mdi1q,RUoC8fbnX
64,Hal Sancraft,182-272-7478,Male,8/15/1994,hsancraft1r@webs.com,hsancraft1r,tJvtzr
65,Analiese Thirwell,150-661-3738,Female,3/2/2020,athirwell1s@gmpg.org,athirwell1s,GOpByP
66,Brok Wannop,350-348-5285,Male,1/30/1949,bwannop1t@boston.com,bwannop1t,Gf6pHCmf
67,Silvano Burrill,806-427-7175,Male,12/3/1936,sburrill1u@cpanel.net,sburrill1u,4a1ZUZJl
68,Udall Belfelt,990-768-8548,Male,11/11/1952,ubelfelt1v@epa.gov,ubelfelt1v,cy60IRS
69,Debra Bezemer,282-442-3903,Female,10/21/1930,dbezemer1w@prnewswire.com,dbezemer1w,j9I3X5PYiIt
70,Norry MacNab,921-878-1581,Male,1/29/1990,nmacnab1x@simplemachines.org,nmacnab1x,FQSOq0ywVX
71,Katuscha Tremollet,106-173-3270,Female,6/18/1959,ktremollet1y@alexa.com,ktremollet1y,iUPxqIX
72,Roxie Lantaph,750-665-4603,Female,1/23/1936,rlantaph1z@amazonaws.com,rlantaph1z,aRF9ElmfTE
73,Moselle Vasilchenko,396-463-8821,Female,11/24/1932,mvasilchenko20@guardian.co.uk,mvasilchenko20,lXaJEanJofgX
74,Irving Shark,961-257-5879,Male,1/25/2002,ishark21@woothemes.com,ishark21,TRvpadITSua
75,Carolin Jantot,614-600-8116,Female,1/14/1986,cjantot22@amazon.co.jp,cjantot22,a8rE9fvzDS4
76,Kata Kondratenko,727-507-8806,Female,7/19/1992,kkondratenko23@geocities.com,kkondratenko23,nQRhkqp
77,Emmit Pfeffle,956-726-9036,Male,9/28/1947,epfeffle24@trellian.com,epfeffle24,lPyeAhWSmpZ
78,Darn Baress,909-939-6728,Male,8/16/1985,dbaress25@bigcartel.com,dbaress25,9OnjuTg50nd
79,Cory Scotti,779-684-0119,Female,2/2/1975,cscotti26@google.com.br,cscotti26,tcX6Yx
80,Beckie Timms,503-427-0704,Female,10/5/1976,btimms27@accuweather.com,btimms27,0HRJztj1xg
81,Brynna Chad,971-496-5913,Female,2/26/1986,bchad28@businessweek.com,bchad28,a1LXhv4cUI
82,Robby Wint,856-409-3566,Female,1/28/1963,rwint29@blog.com,rwint29,SMWBb9wD
83,Brendan Balke,845-649-1783,Male,4/9/1996,bbalke2a@livejournal.com,bbalke2a,TkmcjIne2
84,Glendon Mc Cahey,970-208-3214,Male,12/1/1991,gmc2b@marriott.com,gmc2b,nWIQm7hh94sx
85,Harvey Chapple,202-997-7145,Male,2/18/1988,hchapple2c@mapy.cz,hchapple2c,iSmar8nSg
86,Earvin Weekly,799-948-0070,Male,7/20/1974,eweekly2d@cbslocal.com,eweekly2d,Q0luJa
87,Alvan Espinoza,341-710-4481,Male,11/24/1935,aespinoza2e@scribd.com,aespinoza2e,YEmeCByM
88,Corey Trowl,219-476-7146,Male,4/3/1996,ctrowl2f@ucoz.ru,ctrowl2f,6G6DdCbzk
89,Petronella Price,512-213-7906,Female,10/26/1983,pprice2g@cnet.com,pprice2g,YiOwKFd
90,Andria Hercock,380-260-3729,Female,6/3/1937,ahercock2h@blogtalkradio.com,ahercock2h,FajkOzqxHaW
91,Angelle Hanrahan,790-895-3216,Female,4/8/1997,ahanrahan2i@plala.or.jp,ahanrahan2i,XjBSf9c9RuS
92,Tracey Bannester,824-416-7409,Female,2/2/1927,tbannester2j@tiny.cc,tbannester2j,aZBO75Q
93,Gage Yekel,423-696-1787,Male,5/1/1994,gyekel2k@apache.org,gyekel2k,PoljP8
94,Erin Gascar,450-193-2672,Female,2/20/1984,egascar2l@usda.gov,egascar2l,zQpaa2
95,Al Peffer,414-895-0144,Male,10/3/2003,apeffer2m@weather.com,apeffer2m,j5iF3Rx
96,Jeremiah Seabert,501-405-3891,Male,3/10/1923,jseabert2n@cpanel.net,jseabert2n,XwozWM4qh
97,Jenna Heinle,202-126-8850,Female,9/28/1963,jheinle2o@joomla.org,jheinle2o,YxYqdq9Y
98,Bob Mayoh,296-813-2635,Male,8/1/1934,bmayoh2p@baidu.com,bmayoh2p,uWnIfyDhsye
99,Corrie Aleksahkin,535-454-5273,Male,10/18/1967,caleksahkin2q@booking.com,caleksahkin2q,k2d1Pb
100,Vivien Feore,718-739-0147,Female,11/20/1928,vfeore2r@ifeng.com,vfeore2r,U8x4kwP6
101,Sheridan Skellorne,934-729-8585,Male,12/1/2000,sskellorne2s@examiner.com,sskellorne2s,EGtRt8fRq
102,Shanon Wigg,116-353-0403,Female,1/23/2005,swigg2t@eepurl.com,swigg2t,rUrsF0xP
103,Sasha Rimmer,177-907-9203,Male,6/7/1943,srimmer2u@usa.gov,srimmer2u,Hd2CFQfy
104,Clifford Stewart,259-479-2081,Male,11/30/1934,cstewart2v@netscape.com,cstewart2v,P7OwxiL
105,Angeli Munnery,839-745-0309,Male,5/7/1970,amunnery2w@about.com,amunnery2w,SaFhnRVQPZ
106,Thedrick de Keyser,418-490-0401,Male,1/31/2010,tde2x@mac.com,tde2x,TNTfgap2r
107,Serena Vidloc,650-495-8397,Female,5/24/1958,svidloc2y@pbs.org,svidloc2y,OIk8aV
108,Happy Grimmer,166-570-4679,Female,3/31/2000,hgrimmer2z@ebay.com,hgrimmer2z,JfoywDe4NTP
109,Zebadiah Boxell,350-173-7181,Male,4/8/1995,zboxell30@blog.com,zboxell30,8jit0TMX
110,Jan Fryers,203-211-8737,Male,3/11/2003,jfryers31@blogs.com,jfryers31,JB7qfJmw
111,Wat Vasiliu,131-790-8058,Male,1/3/2019,wvasiliu32@accuweather.com,wvasiliu32,czdBAybg
112,Orlan Jiruch,396-936-7036,Male,1/12/1968,ojiruch33@dion.ne.jp,ojiruch33,nHEp8DHmhr0
113,Maynard Asprey,260-793-3510,Male,8/17/1961,masprey34@slate.com,masprey34,PPf33a
114,Brandtr Culshaw,868-974-3288,Male,8/31/1954,bculshaw35@hexun.com,bculshaw35,CrnNQaUtf0Rf
115,Agathe Le Provost,908-339-0753,Female,6/23/1982,ale36@ft.com,ale36,CYzYCyFdqKcb
116,Fair Bettinson,806-897-6990,Male,3/13/1934,fbettinson37@spotify.com,fbettinson37,LdSW74YXx
117,Willis Hartright,514-933-4654,Male,10/9/1961,whartright38@wiley.com,whartright38,iJrHnDS5
118,Johannah Van Der Vlies,640-843-1815,Female,4/19/1972,jvan39@bravesites.com,jvan39,7TWlPo3IF
119,Sasha Josuweit,801-112-5214,Male,4/28/1994,sjosuweit3a@ask.com,sjosuweit3a,GEVH6ub1kq6
120,Chic Catterick,289-534-4967,Male,5/14/1937,ccatterick3b@twitter.com,ccatterick3b,RfWtMJ4Zve
121,Caty Bandey,969-602-2999,Female,1/14/1982,cbandey3c@scribd.com,cbandey3c,GsVQiE
122,Worthy Wainer,115-188-8704,Male,1/4/1951,wwainer3d@last.fm,wwainer3d,8EItnqM
123,Franchot Boam,669-949-6004,Male,10/27/1973,fboam3e@sina.com.cn,fboam3e,2nz1PflhiPn
124,Garvin Van den Dael,101-510-7847,Male,5/21/2003,gvan3f@clickbank.net,gvan3f,YgiuT4ig8agP
125,Marilyn Pole,135-219-3887,Female,1/12/1967,mpole3g@desdev.cn,mpole3g,YCT6J5Hos
126,Morgen Phoenix,549-397-2137,Female,1/24/2009,mphoenix3h@youtu.be,mphoenix3h,glUuwe
127,Faye Lawty,400-140-4573,Female,11/28/1973,flawty3i@exblog.jp,flawty3i,CeuPVH3G
128,Sylvester Prescot,503-352-6211,Male,9/16/1932,sprescot3j@ezinearticles.com,sprescot3j,9r9h9wgNk8
129,Dasi Clears,320-119-5316,Female,8/27/2016,dclears3k@moonfruit.com,dclears3k,8KEDB7
130,Bailey Geistmann,676-859-3607,Male,6/1/1948,bgeistmann3l@wired.com,bgeistmann3l,ZB6ciRRTj
131,Drucill Reuss,766-712-6636,Female,3/13/2020,dreuss3m@issuu.com,dreuss3m,ygLHpogZ
132,Ara Diem,405-115-8564,Female,3/20/1952,adiem3n@ox.ac.uk,adiem3n,yhQPEAVT
133,Dotty Stribbling,953-435-2841,Female,10/13/1939,dstribbling3o@bbc.co.uk,dstribbling3o,pKTzUw
134,Morgen Herrema,108-332-7852,Female,5/12/1954,mherrema3p@jiathis.com,mherrema3p,2Lm4CpBXcU
135,Emmalyn Seydlitz,609-120-4681,Female,1/26/1958,eseydlitz3q@wiley.com,eseydlitz3q,r5xk41piuVP
136,Maddy Davley,482-691-8142,Male,1/4/2017,mdavley3r@unblog.fr,mdavley3r,HyDld5A77Q
137,Dell Cackett,188-115-8681,Male,10/30/2017,dcackett3s@nba.com,dcackett3s,WchJwA
138,Oates Earsman,690-283-8109,Male,6/16/1940,oearsman3t@omniture.com,oearsman3t,h1aQHYesegmL
139,Joanie Henstridge,537-350-9016,Female,3/30/1936,jhenstridge3u@mayoclinic.com,jhenstridge3u,8mVf9XhVGZ
140,Kittie Childerley,784-238-8269,Female,4/24/2009,kchilderley3v@last.fm,kchilderley3v,fllfxbo7nF
141,Alethea Archibould,720-794-6809,Female,10/10/1928,aarchibould3w@un.org,aarchibould3w,q7NTtvaQFI
142,Ruth McCarron,266-854-3310,Female,11/18/1980,rmccarron3x@vimeo.com,rmccarron3x,l3MOdK
143,Jeane Moizer,812-272-4271,Female,5/15/1953,jmoizer3y@phoca.cz,jmoizer3y,n5EeOxxT
144,Tan Pirouet,989-941-0299,Male,12/11/1999,tpirouet3z@pen.io,tpirouet3z,OnBggZgXj
145,Bourke Savin,190-499-1325,Male,1/7/1922,bsavin40@goodreads.com,bsavin40,IwhHc03
146,Anatola Glasscott,395-277-5769,Female,5/29/2013,aglasscott41@marketwatch.com,aglasscott41,xTlbShsWAFzx
147,Anni Foukx,536-723-2862,Female,12/1/2016,afoukx42@t-online.de,afoukx42,bIT75Am7ya
148,Esma Maffini,668-877-0566,Female,3/30/1934,emaffini43@si.edu,emaffini43,DWp2hoDhyJT
149,Troy Moens,929-161-8131,Male,11/19/1989,tmoens44@ca.gov,tmoens44,QALITQf
150,Megan Uttley,461-331-1371,Female,6/19/1921,muttley45@meetup.com,muttley45,vZcOeqfF
