id,name,phone_number,gender,birth_date,email,username,password
1,Heath Imlaw,573-672-1508,Male,1998-08-13T15:54:48Z,himlaw0@yellowpages.com,himlaw0,1hO2WEk
2,Kimmy Mayoh,119-466-6236,Female,2002-04-08T16:02:48Z,kmayoh1@liveinternet.ru,kmayoh1,mGV4ZN0n55
3,Timmy Jarrett,622-647-1669,Male,1998-11-26T07:56:33Z,tjarrett2@yahoo.com,tjarrett2,QNQdKcqpk0
4,Gibb Mill,549-368-5988,Male,2002-03-05T01:45:03Z,gmill3@photobucket.com,gmill3,0FPpARJK7h
5,Wilona Winsiowiecki,968-644-8262,Female,2001-04-08T21:30:08Z,wwinsiowiecki4@reuters.com,wwinsiowiecki4,X5jhgCPUAr
6,Aurelia Pennycock,624-747-2535,Female,1991-01-26T00:34:22Z,apennycock5@wisc.edu,apennycock5,sYcGiJseD
7,Orv Lowson,505-140-8975,Male,1995-11-09T19:22:27Z,olowson6@princeton.edu,olowson6,UBa7vXoL5E7i
8,Dilly Webling,595-693-6939,Male,2003-11-25T20:30:50Z,dwebling7@tinypic.com,dwebling7,7XGYjx
9,Bryn Slessor,899-894-1958,Male,2004-02-28T08:51:06Z,bslessor8@nyu.edu,bslessor8,mMQsUF7RFo
10,Carilyn Valiant,616-671-2899,Female,2005-08-06T03:58:45Z,cvaliant9@salon.com,cvaliant9,UQesQa8f
11,Sibyl Castelain,420-874-1139,Female,2004-04-28T19:45:30Z,scastelaina@t.co,scastelaina,Jq1dplcXO
12,Isabelle Legon,838-174-8487,Female,1993-02-23T07:39:51Z,ilegonb@cnbc.com,ilegonb,1rpw2wG
13,Ricki Stiling,438-511-1961,Female,1995-01-01T10:42:31Z,rstilingc@about.me,rstilingc,RoqRc0HU1JEI
14,Darbie McPhate,610-642-4748,Female,1997-03-21T01:14:32Z,dmcphated@free.fr,dmcphated,FkYrUzO3va
15,Amara Sego,286-288-9038,Female,1996-05-30T03:47:31Z,asegoe@unblog.fr,asegoe,tpO8sJuh
16,Nap Dzeniskevich,878-608-8306,Male,1991-03-22T05:38:09Z,ndzeniskevichf@princeton.edu,ndzeniskevichf,MPwQTw4Vi
17,Dody Colgrave,650-479-7711,Female,2002-05-16T16:20:03Z,dcolgraveg@hc360.com,dcolgraveg,g359tehUkh1
18,Scott Sharrock,557-655-4001,Male,1997-12-11T08:43:58Z,ssharrockh@ox.ac.uk,ssharrockh,YUNRYy0R
19,Gina Muro,997-215-8237,Female,1997-09-26T09:44:24Z,gmuroi@istockphoto.com,gmuroi,7VBT7D
20,Licha Uwins,593-313-0959,Female,1998-12-29T09:16:40Z,luwinsj@dedecms.com,luwinsj,2kiOgvx
21,Ethelin Paragreen,762-437-3303,Female,1991-07-18T10:05:59Z,eparagreenk@admin.ch,eparagreenk,h6C8oy1SsKd
22,Gordy Clear,843-841-3230,Male,1997-02-11T19:00:23Z,gclearl@1und1.de,gclearl,02AhVXV0kW0b
23,Clement Ciraldo,192-676-7507,Male,1993-01-13T05:04:01Z,cciraldom@narod.ru,cciraldom,0MgpULCw
24,Amory FitzGeorge,714-966-8861,Male,1998-04-20T07:05:58Z,afitzgeorgen@pinterest.com,afitzgeorgen,JDO9pTlf
25,Jolene Jorcke,462-245-7528,Female,1994-07-06T14:53:51Z,jjorckeo@prnewswire.com,jjorckeo,qSyjSk63GCN
26,Archambault Maven,284-319-5059,Male,1992-03-30T04:13:35Z,amavenp@cdbaby.com,amavenp,l8259HjR3
27,Wake Beveridge,851-845-0550,Male,2002-07-14T01:59:26Z,wbeveridgeq@icq.com,wbeveridgeq,QKJBh0f2
28,Malachi Hickford,912-652-4748,Male,1996-09-06T21:58:59Z,mhickfordr@engadget.com,mhickfordr,1UtF3lXq
29,Rourke Gooderidge,394-192-2519,Male,1991-01-02T17:24:47Z,rgooderidges@nyu.edu,rgooderidges,L0FLi3
30,Krishna Giorgione,391-707-6652,Male,1997-01-25T00:05:27Z,kgiorgionet@census.gov,kgiorgionet,pZPSxYyVBbZo
31,Jarred Brouwer,571-955-2372,Male,1997-08-15T01:21:22Z,jbrouweru@csmonitor.com,jbrouweru,OBRDzC
32,Putnem Fantonetti,820-511-3670,Male,1991-05-05T06:45:28Z,pfantonettiv@unesco.org,pfantonettiv,tfVw0Lq
33,Goraud Freebury,383-802-3683,Male,1998-08-05T08:54:38Z,gfreeburyw@bandcamp.com,gfreeburyw,At0ekSc
34,Alphonso Bennis,573-166-5392,Male,1999-03-04T05:02:11Z,abennisx@paypal.com,abennisx,fBtJnx2y
35,Woodrow Peet,116-316-9900,Male,2003-10-05T21:45:08Z,wpeety@cpanel.net,wpeety,NTQcKT
36,Del Rolfe,422-385-3373,Female,1996-05-29T06:45:58Z,drolfez@umich.edu,drolfez,TIshmYt
37,Guthrey Scholl,347-700-6034,Male,2006-10-05T05:06:17Z,gscholl10@g.co,gscholl10,rpmeu12Jy8
38,Aubrette Pagel,642-838-7219,Female,2005-03-22T10:10:04Z,apagel11@reuters.com,apagel11,oRwooWDO
39,Kristine Chestnut,805-500-3591,Female,1997-08-05T19:00:08Z,kchestnut12@dell.com,kchestnut12,Qf25Mm
40,Feliks Foan,432-739-8080,Male,1994-12-03T02:46:23Z,ffoan13@bloglines.com,ffoan13,PvsmKmH3g8z
41,Kain Turfrey,970-854-4681,Male,1993-10-21T00:06:44Z,kturfrey14@themeforest.net,kturfrey14,iErqWgO
42,Casey Mullett,442-430-3322,Male,2004-06-01T01:08:39Z,cmullett15@hibu.com,cmullett15,0wJg1jodX5X
43,Mikkel Spadotto,919-606-3577,Male,2002-04-09T05:47:01Z,mspadotto16@indiatimes.com,mspadotto16,70tdJT
44,Orson Jefferies,226-426-6470,Male,1995-04-10T19:25:00Z,ojefferies17@nyu.edu,ojefferies17,zquAh3o3
45,Bryan Frays,273-112-0939,Male,2005-10-18T01:34:17Z,bfrays18@bbc.co.uk,bfrays18,0gBDzFV
46,Christal Negus,819-858-6870,Female,2004-05-03T17:22:47Z,cnegus19@icq.com,cnegus19,Or7BPf
47,Ivett Dacey,935-577-6845,Female,1995-08-09T07:52:51Z,idacey1a@bbb.org,idacey1a,0vx60bYDK
48,Maxy Gurko,255-123-5376,Female,1994-03-18T02:33:05Z,mgurko1b@gravatar.com,mgurko1b,S4A6vAC1XS
49,Rosita Bichener,551-652-5596,Female,2001-03-11T06:22:42Z,rbichener1c@cmu.edu,rbichener1c,9KBYQ3G2xaO
50,Bree Ogles,736-527-3452,Female,1999-11-01T15:56:24Z,bogles1d@about.com,bogles1d,4KTjq4
